country,date,agricultural_land,land_area,GDP_current_US,life_expectancy_at_birth,population,rural_population
Brunei Darussalam,1965-01-01,4.55407969639469,5270.0,114039500.514481,61.193,107686.0,51016.0
Brunei Darussalam,1966-01-01,4.36432637571157,5270.0,132757527.954984,61.963,112597.0,51267.0
Brunei Darussalam,1967-01-01,4.36432637571157,5270.0,139029537.149708,62.511,117628.0,51403.0
Brunei Darussalam,1968-01-01,4.55407969639469,5270.0,160818235.758462,63.005,122764.0,51416.0
Brunei Darussalam,1969-01-01,4.55407969639469,5270.0,161210236.333132,63.553,128012.0,51323.0
Brunei Darussalam,1970-01-01,4.55407969639469,5270.0,179078929.195183,64.11,133343.0,51104.0
Brunei Darussalam,1971-01-01,3.60531309297913,5270.0,197525739.976803,64.699,138666.0,50735.0
Brunei Darussalam,1972-01-01,3.41555977229602,5270.0,270822794.672458,65.35,143886.0,52179.0
Brunei Darussalam,1973-01-01,3.41555977229602,5270.0,433095587.469864,65.963,149065.0,53829.0
Brunei Darussalam,1974-01-01,3.41555977229602,5270.0,1073591771.22042,66.528,154314.0,55490.0
Brunei Darussalam,1975-01-01,3.41555977229602,5270.0,1168304306.10676,67.107,159653.0,57167.0
Brunei Darussalam,1976-01-01,3.2258064516129,5270.0,1423037359.4965,67.608,165064.0,58854.0
Brunei Darussalam,1977-01-01,2.84629981024668,5270.0,1732721161.47394,68.075,170560.0,60556.0
Brunei Darussalam,1978-01-01,2.84629981024668,5270.0,1941579358.89798,68.487,176176.0,62284.0
Brunei Darussalam,1979-01-01,2.84629981024668,5270.0,2803833729.76268,68.862,181951.0,64050.0
Brunei Darussalam,1980-01-01,2.65654648956357,5270.0,4928805777.2815,69.246,187921.0,65868.0
Brunei Darussalam,1981-01-01,2.65654648956357,5270.0,4366231073.11486,69.54,194099.0,67742.0
Brunei Darussalam,1982-01-01,2.46679316888046,5270.0,4264202522.65907,69.841,200630.0,69721.0
Brunei Darussalam,1983-01-01,2.46679316888046,5270.0,3844632168.59262,70.09,207523.0,71805.0
Brunei Darussalam,1984-01-01,2.27703984819734,5270.0,3782552643.47893,70.358,214682.0,73962.0
Brunei Darussalam,1985-01-01,2.27703984819734,5270.0,3523532486.95521,70.582,222119.0,76193.0
Brunei Darussalam,1986-01-01,2.27703984819734,5270.0,2358574763.85308,70.847,229815.0,78491.0
Brunei Darussalam,1987-01-01,2.27703984819734,5270.0,2754485236.50868,71.019,237712.0,80836.0
Brunei Darussalam,1988-01-01,2.27703984819734,5270.0,2690684124.87422,71.236,245729.0,83196.0
Brunei Darussalam,1989-01-01,2.27703984819734,5270.0,2985531762.88612,71.445,253821.0,85563.0
Brunei Darussalam,1990-01-01,2.08728652751423,5270.0,3520486979.54981,71.656,261928.0,87908.0
Brunei Darussalam,1991-01-01,2.08728652751423,5270.0,3701774188.88021,71.871,269860.0,90174.0
Brunei Darussalam,1992-01-01,2.08728652751423,5270.0,4183633796.47628,72.081,277416.0,91331.0
Brunei Darussalam,1993-01-01,2.08728652751423,5270.0,4105729444.14733,72.312,284713.0,92236.0
Brunei Darussalam,1994-01-01,2.08728652751423,5270.0,4087219772.89949,72.553,291935.0,93051.0
Brunei Darussalam,1995-01-01,1.89753320683112,5270.0,4734103536.46706,72.816,299097.0,93785.0
Brunei Darussalam,1996-01-01,1.89753320683112,5270.0,5115454694.27896,73.1,306196.0,94437.0
Brunei Darussalam,1997-01-01,1.89753320683112,5270.0,5197312555.4576,73.364,313215.0,95011.0
Brunei Darussalam,1998-01-01,1.89753320683112,5270.0,4051143193.1732,73.619,320152.0,95501.0
Brunei Darussalam,1999-01-01,1.89753320683112,5270.0,4600117603.79321,73.863,327045.0,95926.0
Brunei Darussalam,2000-01-01,1.89753320683112,5270.0,6001280943.71691,74.08,333926.0,96291.0
Brunei Darussalam,2001-01-01,2.08728652751423,5270.0,5601020247.27601,74.276,340748.0,96595.0
Brunei Darussalam,2002-01-01,2.08728652751423,5270.0,5843367180.06094,74.426,347463.0,97130.0
Brunei Darussalam,2003-01-01,2.08728652751423,5270.0,6557395815.59539,74.561,354045.0,97642.0
Brunei Darussalam,2004-01-01,2.08728652751423,5270.0,7872201250.91582,74.65,360461.0,98067.0
Brunei Darussalam,2005-01-01,2.08728652751423,5270.0,9531417164.46943,74.731,366717.0,98416.0
Brunei Darussalam,2006-01-01,1.95445920303605,5270.0,11470462364.6891,74.783,372808.0,98686.0
Brunei Darussalam,2007-01-01,2.16318785578748,5270.0,12247680702.8059,74.818,378748.0,98884.0
Brunei Darussalam,2008-01-01,2.16318785578748,5270.0,14393437610.2552,74.84,384568.0,99019.0
Brunei Darussalam,2009-01-01,2.5426944971537,5270.0,10732592999.3918,74.846,390311.0,99108.0
Brunei Darussalam,2010-01-01,2.5426944971537,5270.0,13707275498.0569,74.849,396053.0,99168.0
Brunei Darussalam,2011-01-01,2.5426944971537,5270.0,18525128229.6754,74.858,401506.0,99132.0
Brunei Darussalam,2012-01-01,2.5426944971537,5270.0,19048443089.2531,74.827,406634.0,98991.0
Brunei Darussalam,2013-01-01,2.5426944971537,5270.0,18094326392.7086,74.799,411702.0,98821.0
Brunei Darussalam,2014-01-01,2.5426944971537,5270.0,17097801091.9771,74.779,416656.0,98614.0
Brunei Darussalam,2015-01-01,2.5426944971537,5270.0,12930292949.4216,74.75,421437.0,98351.0
Brunei Darussalam,2016-01-01,2.5426944971537,5270.0,11400467372.4943,74.733,425994.0,98021.0
Brunei Darussalam,2017-01-01,2.5426944971537,5270.0,12128182463.596,74.722,430276.0,97621.0
Brunei Darussalam,2018-01-01,2.5426944971537,5270.0,13567164444.9707,74.712,434274.0,97151.0
Brunei Darussalam,2019-01-01,2.5426944971537,5270.0,13469240162.5496,74.748,438048.0,96625.0
Brunei Darussalam,2020-01-01,2.5426944971537,5270.0,12005795914.7306,74.795,441725.0,96075.0
Brunei Darussalam,2021-01-01,37.19205402991216,6189349.588897609,14006497000.2477,74.642,445373.0,95515.0
Brunei Darussalam,2022-01-01,37.19205402991216,6189349.588897609,16681531645.7347,64.98735853587779,449002.0,94946.0
Cambodia,1960-01-01,37.19205402991216,6189349.588897609,637142865.714286,42.361,5541676.0,4971715.0
Cambodia,1961-01-01,19.9297530024926,176520.0,642857134.285714,42.792,5664654.0,5081591.0
Cambodia,1962-01-01,20.0147292091548,176520.0,660000008.571429,43.316,5788854.0,5190692.0
Cambodia,1963-01-01,20.0657149331521,176520.0,728571437.142857,43.898,5913680.0,5292921.0
Cambodia,1964-01-01,20.3659641966916,176520.0,782857128.571429,44.398,6040847.0,5396772.0
Cambodia,1965-01-01,20.5472467709041,176520.0,868571428.571429,44.789,6170727.0,5502437.0
Cambodia,1966-01-01,20.5472467709041,176520.0,914285714.285714,45.363,6299230.0,5606315.0
Cambodia,1967-01-01,20.5585769317924,176520.0,962857134.285714,45.514,6426445.0,5648974.0
Cambodia,1968-01-01,20.263992748697,176520.0,1065714248.57143,45.793,6553109.0,5682135.0
Cambodia,1969-01-01,19.6974847042828,176520.0,978873232.394366,46.241,6679708.0,5705873.0
Cambodia,1970-01-01,19.3689100385225,176520.0,718401157.737098,39.129,6708525.0,5637174.0
Cambodia,1971-01-01,13.8794470881487,176520.0,969911421.39418,39.507,6696324.0,5442973.0
Cambodia,1972-01-01,13.8794470881487,176520.0,505549441.375077,40.224,6766289.0,5290020.0
Cambodia,1973-01-01,13.8794470881487,176520.0,702899155.982033,40.024,6852360.0,5121248.0
Cambodia,1974-01-01,14.1627011103558,176520.0,588443893.689773,39.803,6913408.0,4904717.0
Cambodia,1993-01-01,25.6684794924088,176520.0,2533727592.04165,56.08,10243550.0,8544452.0
Cambodia,1994-01-01,25.8894176297303,176520.0,2791435272.26653,56.035,10636353.0,8833917.0
Cambodia,1995-01-01,25.8894176297303,176520.0,3441205692.9166,56.308,10919528.0,9029249.0
Cambodia,1996-01-01,25.9460684341718,176520.0,3506695719.57259,56.346,11182612.0,9205191.0
Cambodia,1997-01-01,25.9460684341718,176520.0,3443413388.6909,56.743,11431569.0,9367028.0
Cambodia,1998-01-01,26.2293224563789,176520.0,3120425502.58253,57.028,11669077.0,9527218.0
Cambodia,1999-01-01,26.2859732608203,176520.0,3517242477.2285,57.69,11899006.0,9701260.0
Cambodia,2000-01-01,27.0224337185588,176520.0,3654031716.26881,58.625,12118841.0,9866433.0
Cambodia,2001-01-01,27.7022433718559,176520.0,3984000517.02345,59.966,12338192.0,10030580.0
Cambodia,2002-01-01,28.3254022207115,176520.0,4284028482.53766,61.226,12561779.0,10197652.0
Cambodia,2003-01-01,28.8919102651258,176520.0,4658246918.27092,62.523,12787710.0,10366101.0
Cambodia,2004-01-01,29.6283707228643,176520.0,5337833248.03924,63.552,13016371.0,10536102.0
Cambodia,2005-01-01,30.3421708588262,176520.0,6293046161.83262,64.293,13246583.0,10706683.0
Cambodia,2006-01-01,30.3365057783821,176520.0,7274595706.67154,65.059,13477779.0,10877511.0
Cambodia,2007-01-01,30.3365057783821,176520.0,8639235913.17746,65.731,13714791.0,11052339.0
Cambodia,2008-01-01,30.3365057783821,176520.0,10351914178.2857,66.47,13943888.0,11214930.0
Cambodia,2009-01-01,30.3365057783821,176520.0,10401851766.8465,67.444,14155740.0,11334501.0
Cambodia,2010-01-01,30.9030138227963,176520.0,11242275288.5243,67.712,14363532.0,11448597.0
Cambodia,2011-01-01,30.9030138227963,176520.0,12829541141.0127,68.416,14573885.0,11562483.0
Cambodia,2012-01-01,30.9030138227963,176520.0,14054443213.4639,68.915,14786640.0,11675975.0
Cambodia,2013-01-01,30.9030138227963,176520.0,15227991395.2201,69.304,14999683.0,11787501.0
Cambodia,2014-01-01,30.9030138227963,176520.0,16702610842.4025,69.736,15210817.0,11895011.0
Cambodia,2015-01-01,31.6224790392024,176520.0,18049954289.4229,69.873,15417523.0,11996683.0
Cambodia,2016-01-01,31.7471108089735,176520.0,20016747858.3122,70.224,15624584.0,12096240.0
Cambodia,2017-01-01,32.0190346702923,176520.0,22177200588.6749,70.515,15830689.0,12192797.0
Cambodia,2018-01-01,32.2399728076139,176520.0,24571753581.7841,70.561,16025238.0,12277255.0
Cambodia,2019-01-01,32.56288239293,176520.0,27089390032.8915,70.692,16207746.0,12349492.0
Cambodia,2020-01-01,32.7951506911398,176520.0,25872797892.0285,70.416,16396860.0,12423573.0
Cambodia,2021-01-01,37.19205402991216,6189349.588897609,26961061152.2979,69.584,16589023.0,12496843.0
Cambodia,2022-01-01,37.19205402991216,6189349.588897609,29956769529.428,64.98735853587779,16767842.0,12556766.0
Indonesia,1967-01-01,21.2246835617724,1811570.0,5667756644.9716,51.066,106260749.0,88947685.0
Indonesia,1968-01-01,21.2246835617724,1811570.0,7076465295.27356,51.63,109138723.0,91077356.0
Indonesia,1969-01-01,21.1970831930315,1811570.0,8337423312.88344,52.354,112149246.0,93298079.0
Indonesia,1970-01-01,21.1970831930315,1811570.0,9150684931.50685,52.992,115228394.0,95557755.0
Indonesia,1971-01-01,21.1694828242905,1811570.0,9333536359.74431,53.576,118347135.0,97828109.0
Indonesia,1972-01-01,21.1694828242905,1811570.0,10997590361.4458,54.242,121504145.0,99901923.0
Indonesia,1973-01-01,21.1418824555496,1811570.0,16273253012.0482,54.85,124709058.0,101912242.0
Indonesia,1974-01-01,21.1418824555496,1811570.0,25802409638.5542,55.429,127945196.0,103900455.0
Indonesia,1975-01-01,21.1175941310576,1811570.0,30463855421.7602,55.968,131213215.0,105866758.0
Indonesia,1976-01-01,21.0016725823457,1811570.0,37269156626.5958,56.514,134521025.0,107814566.0
Indonesia,1977-01-01,21.0016725823457,1811570.0,45808915662.761,57.081,137861540.0,109740543.0
Indonesia,1978-01-01,21.0016725823457,1811570.0,51455719100.27,57.565,141250964.0,111650412.0
Indonesia,1979-01-01,20.976280243104,1811570.0,51400186379.1873,58.153,144693087.0,113549347.0
Indonesia,1980-01-01,20.976280243104,1811570.0,72482337370.8551,58.754,148177096.0,115424031.0
Indonesia,1981-01-01,20.9486798743631,1811570.0,85518233450.1818,59.138,151686337.0,117079099.0
Indonesia,1982-01-01,20.9486798743631,1811570.0,90158449307.26,59.757,155228658.0,118585381.0
Indonesia,1983-01-01,20.9210795056222,1811570.0,81052283404.2179,60.273,158790611.0,120021883.0
Indonesia,1984-01-01,20.4529772517761,1811570.0,84853699994.5677,60.728,162331962.0,121352882.0
Indonesia,1985-01-01,21.9031006254244,1811570.0,85289488375.4688,61.307,165791694.0,122538299.0
Indonesia,1986-01-01,22.7934885210066,1811570.0,79954072569.4637,61.722,169135273.0,123548243.0
Indonesia,1987-01-01,24.0040406939837,1811570.0,75929617576.2282,61.973,172421390.0,124427896.0
Indonesia,1988-01-01,24.3639495023654,1811570.0,84300174475.7955,62.211,175694647.0,125207033.0
Indonesia,1989-01-01,24.5284477000613,1811570.0,94451427898.007,62.696,178949174.0,125888954.0
Indonesia,1990-01-01,24.8861484789437,1811570.0,106140727356.675,63.181,182159874.0,126448098.0
Indonesia,1991-01-01,22.9215542319645,1811570.0,116621996217.133,63.537,185361228.0,126762983.0
Indonesia,1992-01-01,22.8260569561209,1811570.0,128026966579.964,64.126,188558416.0,126894157.0
Indonesia,1993-01-01,23.1931418603753,1811570.0,158006700301.533,64.598,191737287.0,126914745.0
Indonesia,1994-01-01,23.1683015285084,1811570.0,176892143931.505,64.856,194928533.0,126834149.0
Indonesia,1995-01-01,23.7241729549507,1811570.0,202132028723.115,65.237,198140162.0,126659117.0
Indonesia,1996-01-01,23.7186528812025,1811570.0,227369679374.973,65.355,201373791.0,126392260.0
Indonesia,1997-01-01,24.027225003726,1811570.0,215748998609.635,65.733,204628007.0,126038575.0
Indonesia,1998-01-01,24.2204275849125,1811570.0,95445547872.715,65.962,207855486.0,125559263.0
Indonesia,1999-01-01,25.3244423345496,1811570.0,140001351215.462,66.221,210996910.0,124927050.0
Indonesia,2000-01-01,25.1273089646496,1877519.0,165021012077.81,66.433,214072421.0,124157723.0
Indonesia,2001-01-01,25.4058680631195,1877519.0,160446947784.909,66.758,217112437.0,124225223.0
Indonesia,2002-01-01,25.6620572148671,1877519.0,195660611165.183,67.134,220115092.0,124215349.0
Indonesia,2003-01-01,27.1667024408275,1877519.0,234772463823.808,67.413,223080121.0,124130703.0
Indonesia,2004-01-01,28.4236803995059,1877519.0,256836875295.452,65.75,225938595.0,123929579.0
Indonesia,2005-01-01,27.6141013752724,1877519.0,285868619205.904,67.649,228805144.0,123687485.0
Indonesia,2006-01-01,27.4298156237034,1877519.0,364570515631.625,67.914,231797427.0,123459946.0
Indonesia,2007-01-01,28.228742292355,1877519.0,432216737774.861,68.189,234858289.0,123218401.0
Indonesia,2008-01-01,28.761360071456,1877519.0,510228634992.258,68.226,237936543.0,122929915.0
Indonesia,2009-01-01,29.6135485180177,1877519.0,539580085612.401,68.494,240981299.0,122577548.0
Indonesia,2010-01-01,29.6135485180177,1877519.0,755094157594.248,68.679,244016173.0,122217940.0
Indonesia,2011-01-01,30.0929045192086,1877519.0,892969104529.233,68.823,247099697.0,122079605.0
Indonesia,2012-01-01,30.0929045192086,1877519.0,917869913365.243,68.973,250222695.0,121918506.0
Indonesia,2013-01-01,30.3592134087591,1877519.0,912524136718.018,69.264,253275918.0,121686415.0
Indonesia,2014-01-01,30.3592134087591,1877519.0,890814755511.291,69.533,256229761.0,121363226.0
Indonesia,2015-01-01,30.5189987424894,1877519.0,860854232717.853,69.699,259091970.0,120962268.0
Indonesia,2016-01-01,32.0635903018824,1877519.0,931877364033.902,69.798,261850182.0,120479887.0
Indonesia,2017-01-01,33.1820876379946,1877519.0,1015618744168.15,69.936,264498852.0,119926424.0
Indonesia,2018-01-01,33.1820876379946,1877519.0,1042271532953.36,70.338,267066843.0,119312112.0
Indonesia,2019-01-01,33.1820876379946,1877519.0,1119099871386.16,70.518,269582878.0,118656904.0
Indonesia,2020-01-01,33.1820876379946,1877519.0,1059054842711.72,68.808,271857970.0,117874897.0
Indonesia,2021-01-01,37.19205402991216,6189349.588897609,1186505455720.81,67.57,273753191.0,116919988.0
Indonesia,2022-01-01,37.19205402991216,6189349.588897609,1319100220389.02,64.98735853587779,275501339.0,115892393.0
Lao PDR,1984-01-01,7.06239168110919,230800.0,1757142852.65122,50.535,3639956.0,3148416.0
Lao PDR,1985-01-01,7.0840554592721,230800.0,2366666615.55556,51.108,3741604.0,3225113.0
Lao PDR,1986-01-01,7.09705372616984,230800.0,1776842088.51577,51.699,3848390.0,3305074.0
Lao PDR,1987-01-01,7.10571923743501,230800.0,1087273103.69639,52.152,3959697.0,3387956.0
Lao PDR,1988-01-01,7.14904679376083,230800.0,598961269.297879,52.731,4074961.0,3473252.0
Lao PDR,1989-01-01,7.157712305026,230800.0,714046821.093797,53.252,4193532.0,3560393.0
Lao PDR,1990-01-01,7.19237435008666,230800.0,865559879.284802,53.713,4314443.0,3648422.0
Lao PDR,1991-01-01,7.20103986135182,230800.0,1028087972.31085,54.46,4437225.0,3736942.0
Lao PDR,1992-01-01,7.20970537261698,230800.0,1127806944.61513,54.952,4561106.0,3825263.0
Lao PDR,1993-01-01,7.21403812824957,230800.0,1327748690.12661,55.435,4685296.0,3912691.0
Lao PDR,1994-01-01,7.32235701906413,230800.0,1543606345.11684,55.749,4807950.0,3997618.0
Lao PDR,1995-01-01,7.36568457538995,230800.0,1763536304.53964,56.385,4927432.0,4071143.0
Lao PDR,1996-01-01,7.36568457538995,230800.0,1873671550.34636,56.891,5043914.0,4124207.0
Lao PDR,1997-01-01,7.60831889081456,230800.0,1747011857.33107,57.292,5150538.0,4165755.0
Lao PDR,1998-01-01,7.6473136915078,230800.0,1280177838.71905,57.665,5246922.0,4195491.0
Lao PDR,1999-01-01,7.68197573656846,230800.0,1454430642.49183,57.873,5340056.0,4219125.0
Lao PDR,2000-01-01,7.82495667244367,230800.0,1731198022.45494,58.378,5430853.0,4237314.0
Lao PDR,2001-01-01,7.97660311958406,230800.0,1768619058.34647,59.07,5519707.0,4250561.0
Lao PDR,2002-01-01,8.12824956672444,230800.0,1758176653.07746,59.534,5606101.0,4258170.0
Lao PDR,2003-01-01,8.27989601386482,230800.0,2023324407.30316,60.031,5689065.0,4259631.0
Lao PDR,2004-01-01,8.4315424610052,230800.0,2366398119.8821,60.293,5768167.0,4254485.0
Lao PDR,2005-01-01,8.60051993067591,230800.0,2735558734.81409,60.98,5852970.0,4261782.0
Lao PDR,2006-01-01,8.7738301559792,230800.0,3455031447.60194,61.493,5946593.0,4296532.0
Lao PDR,2007-01-01,8.93847487001733,230800.0,4223152219.2439,62.084,6041348.0,4330680.0
Lao PDR,2008-01-01,9.11611785095321,230800.0,5446434031.69042,62.603,6135861.0,4363027.0
Lao PDR,2009-01-01,9.39341421143848,230800.0,5836138127.06562,63.273,6229930.0,4393658.0
Lao PDR,2010-01-01,9.61871750433276,230800.0,7131773632.71369,63.973,6323418.0,4422346.0
Lao PDR,2011-01-01,9.86351819757366,230800.0,8750107401.57872,64.736,6416327.0,4449081.0
Lao PDR,2012-01-01,9.99675043327556,230800.0,10192848926.2582,65.355,6508803.0,4473891.0
Lao PDR,2013-01-01,10.1169844020797,230800.0,11983252626.8313,65.718,6600742.0,4496954.0
Lao PDR,2014-01-01,10.1083188908146,230800.0,13279248478.8161,66.361,6691454.0,4517601.0
Lao PDR,2015-01-01,10.1083188908146,230800.0,14426381187.0894,66.67,6787419.0,4540240.0
Lao PDR,2016-01-01,10.1083188908146,230800.0,15912495368.8717,67.167,6891363.0,4566493.0
Lao PDR,2017-01-01,9.77859618717504,230800.0,17071162084.4067,67.434,6997917.0,4592873.0
Lao PDR,2018-01-01,9.44887348353553,230800.0,18141651381.3884,67.634,7105006.0,4617970.0
Lao PDR,2019-01-01,9.11915077989601,230800.0,18740559554.1632,68.138,7212053.0,4641317.0
Lao PDR,2020-01-01,8.79116117850953,230800.0,18981800705.0794,68.497,7319399.0,4663189.0
Lao PDR,2021-01-01,37.19205402991216,6189349.588897609,18827148530.0151,68.061,7425057.0,4682315.0
Lao PDR,2022-01-01,37.19205402991216,6189349.588897609,15724383783.2385,64.98735853587779,7529475.0,4698995.0
Malaysia,1960-01-01,37.19205402991216,6189349.588897609,1916229475.84631,56.502,7833782.0,5750153.0
Malaysia,1961-01-01,9.38895145335565,328550.0,1901856121.44173,57.434,8074805.0,5875147.0
Malaysia,1962-01-01,9.59047329173642,328550.0,2001489600.83708,58.404,8324218.0,6002177.0
Malaysia,1963-01-01,9.97068939278649,328550.0,2510110346.4717,59.26,8579350.0,6129259.0
Malaysia,1964-01-01,10.1598539035154,328550.0,2674423920.68764,60.063,8835925.0,6253007.0
Malaysia,1965-01-01,10.6447724851621,328550.0,2956337667.30465,60.95,9091016.0,6371620.0
Malaysia,1966-01-01,10.677613757419,328550.0,3143517941.70968,61.375,9340240.0,6481753.0
Malaysia,1967-01-01,10.8710394156141,328550.0,3188924674.94232,61.797,9582086.0,6582510.0
Malaysia,1968-01-01,11.2625171206818,328550.0,3330371548.96916,62.194,9821308.0,6677213.0
Malaysia,1969-01-01,11.4318672956932,328550.0,3664552038.87553,62.644,10061684.0,6768595.0
Malaysia,1970-01-01,11.8247146553036,328550.0,3864145664.81179,63.111,10306508.0,6858569.0
Malaysia,1971-01-01,12.0492466900015,328550.0,4244395358.10166,63.584,10552557.0,6936090.0
Malaysia,1972-01-01,12.4182924973368,328550.0,5043347485.91194,64.083,10801619.0,7009819.0
Malaysia,1973-01-01,12.6644042002739,328550.0,7662903760.34323,64.62,11062664.0,7086300.0
Malaysia,1974-01-01,12.8487901384873,328550.0,9496205619.75383,65.209,11335187.0,7164518.0
Malaysia,1975-01-01,13.2525947344392,328550.0,9298800799.46702,65.712,11617947.0,7243558.0
Malaysia,1976-01-01,13.5127682240146,328550.0,11050234602.248,66.277,11910081.0,7322437.0
Malaysia,1977-01-01,13.9118551209862,328550.0,13139486857.958,66.811,12218924.0,7405768.0
Malaysia,1978-01-01,14.3965910820271,328550.0,16358082222.8997,67.285,12543892.0,7492341.0
Malaysia,1979-01-01,14.7286866534774,328550.0,21213268200.3906,67.762,12875011.0,7575914.0
Malaysia,1980-01-01,14.9657586364328,328550.0,24488220937.7845,68.245,13215707.0,7659295.0
Malaysia,1981-01-01,15.3547100897885,328550.0,25004285800.8297,68.852,13564594.0,7757998.0
Malaysia,1982-01-01,15.5464617257647,328550.0,26804497470.7328,69.24,13921029.0,7855080.0
Malaysia,1983-01-01,15.8436767615279,328550.0,30347442121.8264,69.567,14292862.0,7954692.0
Malaysia,1984-01-01,15.876183229341,328550.0,33942902256.9454,69.937,14686454.0,8060073.0
Malaysia,1985-01-01,16.4837924212449,328550.0,31199637541.3219,70.318,15108135.0,8174559.0
Malaysia,1986-01-01,17.4095267082636,328550.0,27734114980.9699,70.458,15558740.0,8297320.0
Malaysia,1987-01-01,18.4854664434637,328550.0,32181205900.5823,70.666,16033103.0,8425396.0
Malaysia,1988-01-01,19.430223710242,328550.0,35272104730.5683,70.896,16524616.0,8554463.0
Malaysia,1989-01-01,20.4586820879623,328550.0,38847970073.3093,71.117,17020143.0,8678231.0
Malaysia,1990-01-01,20.5649064069396,328550.0,44024585239.6137,71.307,17517054.0,8794612.0
Malaysia,1991-01-01,20.6802617562015,328550.0,49143148094.2683,71.442,18017464.0,8904951.0
Malaysia,1992-01-01,20.7167858773398,328550.0,59167550162.956,71.526,18526708.0,8927280.0
Malaysia,1993-01-01,20.9751940343935,328550.0,66894966968.9736,71.826,19050077.0,8932772.0
Malaysia,1994-01-01,21.2780398721656,328550.0,74478356957.7808,72.163,19588703.0,8932057.0
Malaysia,1995-01-01,21.2022523208035,328550.0,88705342902.7113,72.384,20136888.0,8923058.0
Malaysia,1996-01-01,21.187338304672,328550.0,100855393910.486,72.327,20689051.0,8902706.0
Malaysia,1997-01-01,21.1800334804444,328550.0,100005323301.867,72.284,21249178.0,8874294.0
Malaysia,1998-01-01,21.137422005783,328550.0,72167498980.8398,72.168,21810542.0,8834142.0
Malaysia,1999-01-01,21.1447268300107,328550.0,79148421052.6316,72.283,22368655.0,8781487.0
Malaysia,2000-01-01,21.1191599452138,328550.0,93789736842.1053,72.775,22945150.0,8724434.0
Malaysia,2001-01-01,21.1444224623345,328550.0,92783947368.4211,73.344,23542517.0,8729094.0
Malaysia,2002-01-01,21.4198752092528,328550.0,100845526315.789,73.563,24142445.0,8726045.0
Malaysia,2003-01-01,21.6595343174555,328550.0,110202368421.053,73.796,24739411.0,8713221.0
Malaysia,2004-01-01,21.7065895601887,328550.0,124749473684.211,73.898,25333247.0,8690824.0
Malaysia,2005-01-01,21.7148379242124,328550.0,143534418452.154,74.096,25923536.0,8660016.0
Malaysia,2006-01-01,21.5346218231624,328550.0,162692260155.07,74.164,26509413.0,8620066.0
Malaysia,2007-01-01,21.6320194795313,328550.0,193549547954.753,74.211,27092604.0,8572100.0
Malaysia,2008-01-01,21.7635063156293,328550.0,230811591306.52,74.25,27664296.0,8513687.0
Malaysia,2009-01-01,21.9753462182316,328550.0,202257458160.849,74.227,28217204.0,8443998.0
Malaysia,2010-01-01,22.4906406939583,328550.0,255017645207.18,74.442,28717731.0,8353414.0
Malaysia,2011-01-01,22.9207122203622,328550.0,297951667650.449,74.746,29184133.0,8285667.0
Malaysia,2012-01-01,23.8295541013544,328550.0,314443061220.138,74.944,29660212.0,8223294.0
Malaysia,2013-01-01,24.529904124182,328550.0,323276281683.441,75.035,30134807.0,8157492.0
Malaysia,2014-01-01,24.6203013239994,328550.0,338066121289.413,75.146,30606459.0,8087145.0
Malaysia,2015-01-01,26.0842185359915,328550.0,301354783698.72,75.094,31068833.0,8011720.0
Malaysia,2016-01-01,26.0873535230558,328550.0,301255332137.075,75.289,31526418.0,7932047.0
Malaysia,2017-01-01,26.0873535230558,328550.0,319109103242.055,75.476,31975806.0,7851020.0
Malaysia,2018-01-01,26.0873535230558,328550.0,358788833524.945,75.644,32399271.0,7764161.0
Malaysia,2019-01-01,26.0873535230558,328550.0,365177744321.011,75.76,32804020.0,7673844.0
Malaysia,2020-01-01,26.0873535230558,328550.0,337339463179.961,75.938,33199993.0,7582878.0
Malaysia,2021-01-01,37.19205402991216,6189349.588897609,372981073017.749,74.884,33573874.0,7488317.0
Malaysia,2022-01-01,37.19205402991216,6189349.588897609,406305924656.071,64.98735853587779,33938221.0,7393781.0
Myanmar,1961-01-01,15.9592373840928,653540.0,584351384.464088,44.385,22203109.0,17858849.0
Myanmar,1962-01-01,16.0204425130826,653540.0,612517344.756215,45.023,22699703.0,18180192.0
Myanmar,1963-01-01,16.0770572573982,653540.0,659976659.599529,45.636,23210687.0,18508434.0
Myanmar,1964-01-01,16.2499617467944,653540.0,475197381.868256,46.497,23737818.0,18844742.0
Myanmar,1965-01-01,16.1933470024788,653540.0,402619413.648984,47.46,24286878.0,19193677.0
Myanmar,1966-01-01,16.4335771337638,653540.0,317816209.973753,48.369,24854704.0,19552201.0
Myanmar,1967-01-01,16.4748905958319,653540.0,328182434.544961,49.297,25440029.0,19919288.0
Myanmar,1968-01-01,16.4764207240567,653540.0,531186357.405981,50.101,26044111.0,20295394.0
Myanmar,1969-01-01,16.4748905958319,653540.0,551379225.912926,50.342,26659479.0,20674693.0
Myanmar,1970-01-01,16.5269149554733,653540.0,578992638.8291,50.713,27284112.0,21055149.0
Myanmar,1971-01-01,16.5330354683723,653540.0,559378375.675676,51.215,27914953.0,21434497.0
Myanmar,1972-01-01,16.5330354683723,653540.0,634525053.103964,51.498,28551949.0,21811976.0
Myanmar,1973-01-01,15.7939835358203,653540.0,667038769.091964,51.87,29165356.0,22193961.0
Myanmar,1974-01-01,15.8108149462925,653540.0,1000557949.59229,52.246,29751936.0,22637356.0
Myanmar,1975-01-01,15.8322367414389,653540.0,1128484859.02503,52.516,30344276.0,23085318.0
Myanmar,1976-01-01,15.8551886648101,653540.0,1155595925.08513,52.982,30941375.0,23536176.0
Myanmar,1977-01-01,15.8460078954616,653540.0,1000350726.87418,53.305,31554598.0,23999796.0
Myanmar,1978-01-01,15.8628393059338,653540.0,916914661.349421,53.474,32185601.0,24476506.0
Myanmar,1979-01-01,15.8781405881813,653540.0,919525191.636393,53.944,32821779.0,24957024.0
Myanmar,1980-01-01,15.8903816139793,653540.0,1010596805.47618,54.362,33465781.0,25443029.0
Myanmar,1981-01-01,15.9454662300701,653540.0,1064867669.38909,54.646,34110098.0,25929814.0
Myanmar,1982-01-01,15.976068794565,653540.0,1302701536.67393,54.955,34742586.0,26406797.0
Myanmar,1983-01-01,15.9714784098908,653540.0,1427209835.80133,55.202,35424262.0,26907561.0
Myanmar,1984-01-01,15.9469963582948,653540.0,1354699245.07241,55.472,36159838.0,27404818.0
Myanmar,1985-01-01,15.957707255868,653540.0,1310837294.25837,55.642,36881020.0,27889059.0
Myanmar,1986-01-01,15.9668880252165,653540.0,1590096758.97152,55.877,37572340.0,28347579.0
Myanmar,1987-01-01,15.9469963582948,653540.0,1448003803.86246,56.076,38233171.0,28780402.0
Myanmar,1988-01-01,15.8720200752823,653540.0,1392547742.82535,56.085,38868270.0,29191626.0
Myanmar,1989-01-01,15.9056828962267,653540.0,1674823310.86252,56.565,39489419.0,29589817.0
Myanmar,1990-01-01,15.9561771276433,653540.0,2036373522.68939,56.661,40099553.0,29977223.0
Myanmar,1991-01-01,15.9378155889464,653540.0,2137184858.04416,57.014,40680533.0,30340355.0
Myanmar,1992-01-01,15.9102732809009,653540.0,2216072577.11344,57.251,41237813.0,30683820.0
Myanmar,1993-01-01,15.9837194356887,653540.0,2809748387.09677,57.631,41788302.0,31019874.0
Myanmar,1994-01-01,15.9454662300701,653540.0,3821535779.81651,57.956,42337109.0,31352323.0
Myanmar,1995-01-01,15.9898399485877,653540.0,4879257847.77122,58.259,42880186.0,31678166.0
Myanmar,1996-01-01,16.0724668727239,653540.0,5759624742.26804,58.941,43423369.0,32001720.0
Myanmar,1997-01-01,16.0954187960951,653540.0,5633070602.54016,59.243,43972046.0,32327369.0
Myanmar,1998-01-01,16.0862380267466,653540.0,4613071494.63459,59.794,44516185.0,32646835.0
Myanmar,1999-01-01,16.2331303363222,653540.0,5643818689.479,59.881,45041636.0,32951110.0
Myanmar,2000-01-01,16.5437463659455,653540.0,6849321645.95623,60.155,45538332.0,33231598.0
Myanmar,2001-01-01,16.7380726504881,653540.0,6220270632.33592,60.416,46014826.0,33495112.0
Myanmar,2002-01-01,16.7166508553417,653540.0,6110632857.66584,60.725,46480230.0,33748830.0
Myanmar,2003-01-01,16.8038681641522,653540.0,7754647428.07323,60.98,46924293.0,33984919.0
Myanmar,2004-01-01,16.9599951026905,653420.0,9390855297.73553,61.25,47338446.0,34197293.0
Myanmar,2005-01-01,17.2385820986899,653360.0,10588433068.8549,61.599,47724471.0,34387390.0
Myanmar,2006-01-01,17.7467978637122,653470.0,11863016315.2934,61.893,48088274.0,34560081.0
Myanmar,2007-01-01,18.337617823479,653520.0,15591182544.7092,62.371,48445647.0,34726324.0
Myanmar,2008-01-01,18.7919976733863,653310.0,23013015832.1023,56.506,48729486.0,34838171.0
Myanmar,2009-01-01,19.04331853666,653300.0,29455165594.6859,63.155,49015836.0,34950742.0
Myanmar,2010-01-01,19.1746012307504,653260.0,37796052938.7278,63.329,49390988.0,35124401.0
Myanmar,2011-01-01,19.2227035466638,653290.0,54118601974.7947,63.901,49794522.0,35316765.0
Myanmar,2012-01-01,19.2130444767664,653150.0,58318677644.9492,64.141,50218185.0,35521331.0
Myanmar,2013-01-01,19.2732896429228,653080.0,60572257122.2962,64.815,50648334.0,35728854.0
Myanmar,2014-01-01,19.342193911925,653080.0,63264892768.3726,65.056,51072436.0,35929459.0
Myanmar,2015-01-01,19.5213448582103,653080.0,63045306513.9317,65.561,51483949.0,36111872.0
Myanmar,2016-01-01,19.5471674990043,652780.0,60291738934.7768,65.685,51892349.0,36282093.0
Myanmar,2017-01-01,19.997855227882,652750.0,61449391917.1276,65.843,52288341.0,36433470.0
Myanmar,2018-01-01,20.0265052857362,652700.0,67144726167.9294,66.465,52666014.0,36561274.0
Myanmar,2019-01-01,19.8857055308718,652700.0,68697761477.1809,66.61,53040212.0,36676246.0
Myanmar,2020-01-01,19.9304395789603,652670.0,78930259068.5275,66.797,53423198.0,36786680.0
Myanmar,2021-01-01,37.19205402991216,6189349.588897609,65124769601.7482,65.672,53798084.0,36879663.0
Myanmar,2022-01-01,37.19205402991216,6189349.588897609,59364362540.5524,64.98735853587779,54179306.0,36965999.0
Philippines,1960-01-01,37.19205402991216,6189349.588897609,7515892289.174,59.227,28486871.0,19856204.0
Philippines,1961-01-01,25.859987929994,298260.0,8171194489.33401,59.619,29342411.0,20376837.0
Philippines,1962-01-01,26.1248575068732,298260.0,4954593633.20422,59.959,30185979.0,20883868.0
Philippines,1963-01-01,26.3930798632066,298260.0,5505023032.52477,60.388,31043711.0,21396257.0
Philippines,1964-01-01,27.3318581103735,298260.0,5953755756.42287,60.541,31916622.0,21913953.0
Philippines,1965-01-01,27.2648025212902,298260.0,6517349192.60922,60.898,32805538.0,22437676.0
Philippines,1966-01-01,27.2580969623818,298260.0,7189017882.34663,61.198,33704749.0,22963383.0
Philippines,1967-01-01,27.8448333668611,298260.0,7724873929.38407,61.447,34616857.0,23492730.0
Philippines,1968-01-01,27.7643666599611,298260.0,8632749263.06796,61.65,35544973.0,24027335.0
Philippines,1969-01-01,27.6704888352444,298260.0,9571800645.44661,61.798,36477170.0,24559349.0
Philippines,1970-01-01,27.861597264132,298260.0,7559115517.55949,61.692,37435586.0,25089704.0
Philippines,1971-01-01,27.7576611010528,298260.0,8375075197.08348,61.988,38421746.0,25553151.0
Philippines,1972-01-01,28.2639307986321,298260.0,9067815975.40698,61.831,39412479.0,26007507.0
Philippines,1973-01-01,28.8233913422526,298230.0,11412449173.9412,61.641,40406234.0,26452749.0
Philippines,1974-01-01,29.7193064824441,298190.0,15607882556.6329,61.68,41388324.0,26877991.0
Philippines,1975-01-01,30.8280511117819,298170.0,16875240685.8366,61.704,42394433.0,27318973.0
Philippines,1976-01-01,32.4445785961029,298170.0,19381054331.5877,61.614,43474370.0,27859681.0
Philippines,1977-01-01,33.8397558439816,298170.0,22283109806.3622,62.149,44646518.0,28450994.0
Philippines,1978-01-01,34.007445417044,298170.0,25762223399.6909,62.185,45890739.0,29078667.0
Philippines,1979-01-01,34.8593084482007,298170.0,31218296296.361,62.349,47154232.0,29708581.0
Philippines,1980-01-01,35.6340342757487,298170.0,36848079268.5171,62.499,48419546.0,30283521.0
Philippines,1981-01-01,35.7849548915048,298170.0,40499388873.8266,62.555,49679330.0,30605448.0
Philippines,1982-01-01,36.0197202937921,298170.0,42206011278.0585,62.784,50938522.0,30897779.0
Philippines,1983-01-01,36.153871952242,298170.0,37759181029.9732,62.992,52219685.0,31175152.0
Philippines,1984-01-01,36.2880236106919,298170.0,35730184921.1822,63.112,53514959.0,31431476.0
Philippines,1985-01-01,36.5898648422041,298170.0,34961486974.8541,63.505,54812660.0,31662533.0
Philippines,1986-01-01,36.8246302444914,298170.0,33987206739.2067,63.745,56109838.0,31863655.0
Philippines,1987-01-01,36.9587819029413,298170.0,37791488666.0743,64.335,57415175.0,32040538.0
Philippines,1988-01-01,37.0929335613911,298170.0,43152128958.6116,64.898,58755923.0,32208234.0
Philippines,1989-01-01,37.227085219841,298170.0,48513772976.7115,65.464,60127343.0,32365346.0
Philippines,1990-01-01,37.3612368782909,298170.0,50508286641.5746,65.909,61558898.0,32634834.0
Philippines,1991-01-01,37.4182513331321,298170.0,51784144314.5523,66.304,63039751.0,33473477.0
Philippines,1992-01-01,37.2773920917597,298170.0,60422329031.6279,67.088,64543525.0,34327474.0
Philippines,1993-01-01,37.1097025186974,298170.0,62036529909.6817,67.542,66083321.0,35202585.0
Philippines,1994-01-01,36.942012945635,298170.0,73159337838.4005,67.942,67650283.0,36094808.0
Philippines,1995-01-01,36.942012945635,298170.0,84644329824.7159,68.223,69250468.0,37007450.0
Philippines,1996-01-01,37.2438541771473,298170.0,94648084429.0341,68.614,70944969.0,37973295.0
Philippines,1997-01-01,38.0152262132341,298170.0,94106316500.6777,68.884,72718837.0,38984569.0
Philippines,1998-01-01,37.8475366401717,298170.0,74492416329.9142,69.1,74491918.0,39998435.0
Philippines,1999-01-01,37.6798470671094,298170.0,85640170314.8245,69.298,76249064.0,41006747.0
Philippines,2000-01-01,37.6764932756481,298170.0,83669788254.7279,69.413,77958223.0,41992197.0
Philippines,2001-01-01,37.5088037025858,298170.0,78921234457.5487,69.614,79626086.0,42958273.0
Philippines,2002-01-01,37.3444679209847,298170.0,84307346432.1264,69.781,81285572.0,43922659.0
Philippines,2003-01-01,37.6966160244156,298170.0,87039092438.9644,69.924,82942837.0,44888663.0
Philippines,2004-01-01,38.4679880605024,298170.0,95002000250.4167,70.037,84607501.0,45861496.0
Philippines,2005-01-01,38.082302042459,298170.0,107419977968.185,70.24,86261250.0,46831233.0
Philippines,2006-01-01,38.8369051212396,298170.0,127652927611.904,70.282,87901835.0,47796623.0
Philippines,2007-01-01,39.5412013281014,298170.0,155980408072.596,70.483,89561377.0,48775126.0
Philippines,2008-01-01,40.2790354495757,298170.0,181624627927.891,70.564,91252326.0,49773581.0
Philippines,2009-01-01,40.580876681088,298170.0,175974754207.575,70.633,92946951.0,50775990.0
Philippines,2010-01-01,40.580876681088,298170.0,208368892319.281,70.754,94636700.0,51735991.0
Philippines,2011-01-01,41.1174833148875,298170.0,234216730703.65,70.788,96337913.0,52482968.0
Philippines,2012-01-01,41.6876278632995,298170.0,261920542606.621,70.881,98032317.0,53219784.0
Philippines,2013-01-01,41.8184257302881,298170.0,283902829721.261,70.835,99700107.0,53934767.0
Philippines,2014-01-01,41.9156856826642,298170.0,297483553299.593,71.151,101325201.0,54621376.0
Philippines,2015-01-01,42.0129456350404,298170.0,306445871631.969,71.268,103031365.0,55344328.0
Philippines,2016-01-01,42.1102055874166,298170.0,318627003965.989,71.387,104875266.0,56134486.0
Philippines,2017-01-01,42.2074655397927,298170.0,328480738147.1,71.516,106738501.0,56910834.0
Philippines,2018-01-01,42.3047254921689,298170.0,346841896890.489,71.689,108568836.0,57642452.0
Philippines,2019-01-01,42.4019854445451,298170.0,376823404772.837,71.865,110380804.0,58337359.0
Philippines,2020-01-01,42.509306771305,298170.0,361751145432.404,72.119,112190977.0,59003479.0
Philippines,2021-01-01,37.19205402991216,6189349.588897609,394087362017.318,69.266,113880328.0,59577632.0
Philippines,2022-01-01,37.19205402991216,6189349.588897609,404284327311.713,64.98735853587779,115559009.0,60117263.0
Singapore,1960-01-01,37.19205402991216,6189349.588897609,704751699.827961,64.6946829268293,1646400.0,0.0
Singapore,1961-01-01,20.8955223880597,670.0,764629787.608839,65.5179512195122,1702400.0,0.0
Singapore,1962-01-01,20.8955223880597,670.0,826239211.261177,66.285756097561,1750200.0,0.0
Singapore,1963-01-01,19.4029850746269,670.0,917608011.873896,66.7147073170732,1795000.0,0.0
Singapore,1964-01-01,19.4029850746269,670.0,894153310.822794,67.0743902439024,1841600.0,0.0
Singapore,1965-01-01,19.4029850746269,670.0,974644095.488414,67.512512195122,1886900.0,0.0
Singapore,1966-01-01,19.4029850746269,670.0,1096425607.35263,67.797,1934400.0,0.0
Singapore,1967-01-01,19.4029850746269,670.0,1238035814.95225,68.1193170731707,1977600.0,0.0
Singapore,1968-01-01,17.910447761194,670.0,1425706090.07563,68.2882682926829,2012000.0,0.0
Singapore,1969-01-01,17.910447761194,670.0,1659893766.72653,68.6862682926829,2042500.0,0.0
Singapore,1970-01-01,17.910447761194,670.0,1920574148.88223,68.9131219512195,2074507.0,0.0
Singapore,1971-01-01,14.9253731343284,670.0,2263785443.61688,69.1883414634146,2112900.0,0.0
Singapore,1972-01-01,16.4179104477612,670.0,2721440980.75851,69.3467804878049,2152400.0,0.0
Singapore,1973-01-01,16.4179104477612,670.0,3696213333.33333,69.7398048780488,2193000.0,0.0
Singapore,1974-01-01,13.4328358208955,670.0,5221534955.64418,70.2013414634146,2229800.0,0.0
Singapore,1975-01-01,11.9402985074627,670.0,5633673929.99302,70.7834390243902,2262600.0,0.0
Singapore,1976-01-01,11.9402985074627,670.0,6327077974.10703,71.1650731707317,2293300.0,0.0
Singapore,1977-01-01,11.9402985074627,670.0,6618585073.66035,71.3711219512195,2325300.0,0.0
Singapore,1978-01-01,11.9402985074627,670.0,7517176354.84135,71.546756097561,2353600.0,0.0
Singapore,1979-01-01,11.9402985074627,670.0,9296921723.83465,71.6392195121951,2383500.0,0.0
Singapore,1980-01-01,11.9402985074627,670.0,11896256782.8566,72.190243902439,2413945.0,0.0
Singapore,1981-01-01,10.4477611940298,670.0,14175228843.6391,72.5878048780488,2532835.0,0.0
Singapore,1982-01-01,8.95522388059701,670.0,16084252378.473,72.6878048780488,2646466.0,0.0
Singapore,1983-01-01,8.95522388059701,670.0,17784112149.5327,73.0365853658537,2681061.0,0.0
Singapore,1984-01-01,8.95522388059701,670.0,19749361097.965,73.290243902439,2732221.0,0.0
Singapore,1985-01-01,7.46268656716418,670.0,19156532745.7691,73.890243902439,2735957.0,0.0
Singapore,1986-01-01,5.97014925373134,670.0,18586746056.9974,74.2463414634146,2733373.0,0.0
Singapore,1987-01-01,4.47761194029851,670.0,20919215578.2125,74.5487804878049,2774789.0,0.0
Singapore,1988-01-01,4.47761194029851,670.0,25371462488.1292,74.6975609756098,2846108.0,0.0
Singapore,1989-01-01,2.98507462686567,670.0,30465364738.6206,74.9463414634146,2930901.0,0.0
Singapore,1990-01-01,2.98507462686567,670.0,36144336768.7023,75.2951219512195,3047132.0,0.0
Singapore,1991-01-01,1.7910447761194,670.0,45466164978.2923,75.6463414634146,3135083.0,0.0
Singapore,1992-01-01,1.7910447761194,670.0,52131330700.4439,75.9463414634146,3230698.0,0.0
Singapore,1993-01-01,1.7910447761194,670.0,60603821967.4681,76.0463414634146,3313471.0,0.0
Singapore,1994-01-01,1.7910447761194,670.0,73688716390.6153,76.1975609756098,3419048.0,0.0
Singapore,1995-01-01,1.7910447761194,670.0,87812540788.4293,76.2951219512195,3524506.0,0.0
Singapore,1996-01-01,1.7910447761194,670.0,96293097894.9194,76.5951219512195,3670704.0,0.0
Singapore,1997-01-01,1.7910447761194,670.0,100123798454.007,76.8975609756097,3796038.0,0.0
Singapore,1998-01-01,1.7910447761194,670.0,85728224856.3725,77.3,3927213.0,0.0
Singapore,1999-01-01,1.7910447761194,670.0,86286866724.2229,77.5512195121951,3958723.0,0.0
Singapore,2000-01-01,1.7910447761194,670.0,96076521349.0621,77.9512195121951,4027887.0,0.0
Singapore,2001-01-01,1.7910447761194,670.0,89793815727.6029,78.2512195121951,4138012.0,0.0
Singapore,2002-01-01,1.77777777777778,675.0,92538355642.8848,78.5512195121951,4175950.0,0.0
Singapore,2003-01-01,1.16448326055313,687.0,97646382412.8729,79.0390243902439,4114826.0,0.0
Singapore,2004-01-01,1.1611030478955,689.0,115033570415.043,79.490243902439,4166664.0,0.0
Singapore,2005-01-01,1.10304789550073,689.0,127807810333.769,79.990243902439,4265762.0,0.0
Singapore,2006-01-01,1.0806916426513,694.0,148627255181.674,80.1414634146341,4401365.0,0.0
Singapore,2007-01-01,1.15107913669065,695.0,180941741377.766,80.4414634146342,4588599.0,0.0
Singapore,2008-01-01,1.0,700.0,193617346346.785,80.790243902439,4839396.0,0.0
Singapore,2009-01-01,1.0,700.0,194150322022.092,81.2414634146342,4987573.0,0.0
Singapore,2010-01-01,1.05413105413105,702.0,239807921966.007,81.5414634146342,5076732.0,0.0
Singapore,2011-01-01,1.03693181818182,704.0,279356526366.334,81.7439024390244,5183688.0,0.0
Singapore,2012-01-01,1.03399433427762,706.0,295092839974.919,81.9951219512195,5312437.0,0.0
Singapore,2013-01-01,0.947666195190948,707.0,307576360584.992,82.2463414634147,5399162.0,0.0
Singapore,2014-01-01,0.930888575458392,709.0,314863580758.455,82.4951219512195,5469724.0,0.0
Singapore,2015-01-01,0.930888575458392,709.0,307998545269.398,82.7439024390244,5535002.0,0.0
Singapore,2016-01-01,0.930888575458392,709.0,319029973659.293,82.8463414634146,5607283.0,0.0
Singapore,2017-01-01,0.926966292134832,712.0,343272878686.388,83.0951219512195,5612253.0,0.0
Singapore,2018-01-01,0.92436974789916,714.0,376869585632.115,83.2975609756098,5638676.0,0.0
Singapore,2019-01-01,0.921787709497207,716.0,376837488316.973,83.5951219512195,5703569.0,0.0
Singapore,2020-01-01,0.919220055710306,718.0,348392174863.651,84.4658536585366,5685807.0,0.0
Singapore,2021-01-01,37.19205402991216,6189349.588897609,423796995372.726,83.4414634146342,5453566.0,0.0
Singapore,2022-01-01,37.19205402991216,6189349.588897609,466788539651.836,64.98735853587779,5637022.0,0.0
Thailand,1960-01-01,37.19205402991216,6189349.588897609,2760750921.40101,51.035,26596584.0,21364504.0
Thailand,1961-01-01,22.8092152909628,510890.0,3034037871.75596,52.364,27399963.0,21979976.0
Thailand,1962-01-01,23.4492747949656,510890.0,3308912796.93487,52.79,28242174.0,22624806.0
Thailand,1963-01-01,24.3888116815753,510890.0,3540403456.55305,53.244,29114124.0,23291299.0
Thailand,1964-01-01,24.8390064397424,510890.0,3889129938.60554,53.978,30013573.0,23977843.0
Thailand,1965-01-01,25.3283485681849,510890.0,4388937644.86053,54.712,30940270.0,24683838.0
Thailand,1966-01-01,25.8568380669029,510890.0,5279230812.28227,55.254,31883754.0,25401149.0
Thailand,1967-01-01,26.3461801953454,510890.0,5638461436.94031,55.754,32839341.0,26125666.0
Thailand,1968-01-01,26.8159486386502,510890.0,6081009422.09596,56.207,33807357.0,26857917.0
Thailand,1969-01-01,27.2465697116796,510890.0,6695336560.93425,56.932,34787583.0,27597685.0
Thailand,1970-01-01,27.8885865841962,510890.0,7086538430.75416,57.711,35791728.0,28315194.0
Thailand,1971-01-01,28.1841492297755,510890.0,7375000017.6326,58.524,36807997.0,28915626.0
Thailand,1972-01-01,29.8107224647184,510890.0,8177872957.58962,59.051,37834384.0,29508549.0
Thailand,1973-01-01,31.474485701423,510890.0,10838587357.7466,59.836,38873060.0,30095912.0
Thailand,1974-01-01,33.0462526179804,510890.0,13702998648.216,60.552,39900961.0,30658302.0
Thailand,1975-01-01,33.7058858071209,510890.0,14882770239.3149,61.272,40908471.0,31189436.0
Thailand,1976-01-01,34.3479026796375,510890.0,16985208712.1054,61.978,41882128.0,31677548.0
Thailand,1977-01-01,35.1641253498796,510890.0,19779312335.7205,62.354,42843802.0,32141420.0
Thailand,1978-01-01,35.9686038090391,510890.0,24006567108.4563,62.74,43806715.0,32589568.0
Thailand,1979-01-01,36.6067059445282,510890.0,27371650353.0589,63.209,44760091.0,33014148.0
Thailand,1980-01-01,37.0686449137779,510890.0,32353514502.0,64.012,45737753.0,33484152.0
Thailand,1981-01-01,37.8574644248273,510890.0,34846038517.9287,64.595,46727292.0,34088027.0
Thailand,1982-01-01,38.7147918338586,510890.0,36589772336.849,65.163,47700340.0,34674331.0
Thailand,1983-01-01,38.9477186869972,510890.0,40042798315.2734,65.789,48670565.0,35252577.0
Thailand,1984-01-01,39.247196069604,510890.0,41797647303.3483,66.733,49636724.0,35821831.0
Thailand,1985-01-01,40.2767719078471,510890.0,38900711298.1934,67.587,50594940.0,36380292.0
Thailand,1986-01-01,40.6643308735736,510890.0,43096774496.625,68.419,51542094.0,36924241.0
Thailand,1987-01-01,41.5745072324767,510890.0,50535445679.8106,69.448,52479181.0,37455441.0
Thailand,1988-01-01,41.750670398716,510890.0,61667254410.673,69.689,53410965.0,37976798.0
Thailand,1989-01-01,41.7643719783124,510890.0,72250747142.1734,70.122,54324004.0,38479322.0
Thailand,1990-01-01,41.8544109299458,510890.0,85343189320.7519,70.445,55228410.0,38978003.0
Thailand,1991-01-01,42.1147409422772,510890.0,98234713407.7323,70.717,56099865.0,39498232.0
Thailand,1992-01-01,41.8367946133218,510890.0,111452745855.989,70.885,56939020.0,39992259.0
Thailand,1993-01-01,41.5842940750455,510890.0,128889262554.627,71.068,57776082.0,40481390.0
Thailand,1994-01-01,41.3396230108242,510890.0,146683779608.917,71.227,58610010.0,40965466.0
Thailand,1995-01-01,41.5157861770636,510890.0,169278918603.436,70.948,59424834.0,41433371.0
Thailand,1996-01-01,40.8365793027853,510890.0,183035238433.438,71.653,60211096.0,41877419.0
Thailand,1997-01-01,40.0125271584881,510890.0,150180454390.446,72.501,60989108.0,42313023.0
Thailand,1998-01-01,39.2491534381178,510890.0,113675595413.496,72.862,61745217.0,42730777.0
Thailand,1999-01-01,39.1806455401358,510890.0,126669212337.245,72.542,62442651.0,43104786.0
Thailand,2000-01-01,38.8224471021159,510890.0,126392223203.461,72.316,63066603.0,43272519.0
Thailand,2001-01-01,38.8107028910333,510890.0,120296476180.402,72.613,63649892.0,42933125.0
Thailand,2002-01-01,38.5386286676192,510890.0,134300903357.962,72.93,64222580.0,42557735.0
Thailand,2003-01-01,38.2743839182603,510890.0,152280616469.478,73.155,64776956.0,42143240.0
Thailand,2004-01-01,38.2763412867741,510890.0,172895685509.275,73.08,65311166.0,41688770.0
Thailand,2005-01-01,38.3839965550314,510890.0,189318407487.959,73.82,65821360.0,41196931.0
Thailand,2006-01-01,38.5601597212707,510890.0,221758294724.764,74.938,66319525.0,40671775.0
Thailand,2007-01-01,38.7558965726477,510890.0,262942624565.273,75.187,66826754.0,40129466.0
Thailand,2008-01-01,39.2452387010903,510890.0,291382985568.988,75.492,67328239.0,39560727.0
Thailand,2009-01-01,40.8678971990057,510890.0,281710629173.199,75.842,67813654.0,38963691.0
Thailand,2010-01-01,41.222180899998,510890.0,341104766329.17,76.131,68270489.0,38329783.0
Thailand,2011-01-01,41.222180899998,510890.0,370818735569.86,76.421,68712846.0,37999578.0
Thailand,2012-01-01,42.9838125623911,510890.0,397558329541.972,76.772,69157023.0,37728614.0
Thailand,2013-01-01,43.6688915422107,510890.0,420333659152.573,77.083,69578602.0,37438158.0
Thailand,2014-01-01,43.8646283935877,510890.0,407339036017.221,77.415,69960943.0,37119178.0
Thailand,2015-01-01,44.0603652449647,510890.0,401296242133.903,77.717,70294397.0,36768187.0
Thailand,2016-01-01,44.2561020963417,510890.0,413366345843.744,78.049,70607037.0,36399340.0
Thailand,2017-01-01,44.4518389477187,510890.0,456356812774.563,78.394,70898202.0,36016287.0
Thailand,2018-01-01,44.6475757990957,510890.0,506754212432.991,78.662,71127802.0,35600176.0
Thailand,2019-01-01,44.8433126504727,510890.0,543976695638.812,78.975,71307763.0,35160432.0
Thailand,2020-01-01,45.0390495018497,510890.0,500457261548.076,79.274,71475664.0,34715730.0
Thailand,2021-01-01,37.19205402991216,6189349.588897609,505568057004.254,78.715,71601103.0,34251820.0
Thailand,2022-01-01,37.19205402991216,6189349.588897609,495340592811.188,64.98735853587779,71697030.0,33777188.0
Timor-Leste,2000-01-01,22.6630800268998,14870.0,367087900.0,58.568,878360.0,665244.0
Timor-Leste,2001-01-01,22.6361802286483,14870.0,477443500.0,59.362,893001.0,673153.0
Timor-Leste,2002-01-01,22.6092804303968,14870.0,469506700.0,60.148,909639.0,682420.0
Timor-Leste,2003-01-01,22.4478816408877,14870.0,490439100.0,60.871,926721.0,691862.0
Timor-Leste,2004-01-01,22.4209818426362,14870.0,440764600.0,61.628,945989.0,702775.0
Timor-Leste,2005-01-01,22.3940820443847,14870.0,462283600.0,62.328,969313.0,716894.0
Timor-Leste,2006-01-01,22.3671822461332,14870.0,453805100.0,63.073,994564.0,732258.0
Timor-Leste,2007-01-01,22.3402824478816,14870.0,542795400.0,63.723,1019362.0,747101.0
Timor-Leste,2008-01-01,22.649630127774,14870.0,648492700.0,64.329,1043076.0,760945.0
Timor-Leste,2009-01-01,22.7572293207801,14870.0,726882400.0,64.854,1065540.0,773699.0
Timor-Leste,2010-01-01,22.7303295225286,14870.0,881827800.0,65.304,1088486.0,786627.0
Timor-Leste,2011-01-01,22.7706792199059,14870.0,1042411500.0,65.697,1112976.0,800463.0
Timor-Leste,2012-01-01,22.8043039677202,14870.0,1160389600.0,66.081,1137676.0,814257.0
Timor-Leste,2013-01-01,22.8379287155346,14870.0,1395519600.0,66.44,1161555.0,827271.0
Timor-Leste,2014-01-01,22.871553463349,14870.0,1447310400.0,66.787,1184830.0,839653.0
Timor-Leste,2015-01-01,22.9051782111634,14870.0,1594447600.0,67.137,1205813.0,850219.0
Timor-Leste,2016-01-01,22.9388029589778,14870.0,1650619400.0,67.446,1224562.0,859030.0
Timor-Leste,2017-01-01,22.9724277067922,14870.0,1595724300.0,67.745,1243235.0,867629.0
Timor-Leste,2018-01-01,23.0060524546066,14870.0,1563887900.0,68.017,1261845.0,875998.0
Timor-Leste,2019-01-01,22.9589778076664,14870.0,2028551600.0,68.268,1280438.0,884181.0
Timor-Leste,2020-01-01,22.9589778076664,14870.0,2158392500.0,68.475,1299995.0,892837.0
Timor-Leste,2021-01-01,37.19205402991216,6189349.588897609,3621222400.0,67.737,1320942.0,902269.0
Timor-Leste,2022-01-01,37.19205402991216,6189349.588897609,3163324631.03158,64.98735853587779,1341296.0,911089.0
Vietnam,1985-01-01,20.7379642999785,325490.0,14094687820.7445,67.601,59811313.0,48111622.0
Vietnam,1986-01-01,20.6611570247934,325490.0,26336616250.4397,68.013,61221107.0,49206465.0
Vietnam,1987-01-01,20.6150726596823,325490.0,36658108850.3148,68.392,62630787.0,50300038.0
Vietnam,1988-01-01,20.6150726596823,325490.0,25423812648.5941,68.469,64037514.0,51388824.0
Vietnam,1989-01-01,20.6304341147193,325490.0,6293304974.59403,69.076,65466361.0,52444447.0
Vietnam,1990-01-01,20.6642293158008,325490.0,6471740805.56984,69.213,66912613.0,53358125.0
Vietnam,1991-01-01,20.7410365909859,325490.0,9613369520.41885,69.849,68358820.0,54257079.0
Vietnam,1992-01-01,21.5828443270147,325490.0,9866990236.43587,69.958,69788747.0,55128923.0
Vietnam,1993-01-01,21.7733263694737,325490.0,13180953598.1716,70.621,71176405.0,55953907.0
Vietnam,1994-01-01,21.9361577928661,325490.0,16286433533.3228,70.759,72501087.0,56714700.0
Vietnam,1995-01-01,21.7487480414145,325490.0,20736164458.9505,71.384,73759110.0,57409666.0
Vietnam,1996-01-01,23.6013395188792,325490.0,24657470574.7501,71.51,74946448.0,58036281.0
Vietnam,1997-01-01,24.0990506620787,325490.0,26843700441.5482,71.802,76058603.0,58591745.0
Vietnam,1998-01-01,24.747304064641,325490.0,27209602050.0452,72.107,77128424.0,59102740.0
Vietnam,1999-01-01,25.8471842452917,325490.0,28683659006.7752,72.317,78123713.0,59516988.0
Vietnam,2000-01-01,28.2260657107953,311060.0,31172518403.3162,72.462,79001142.0,59745404.0
Vietnam,2001-01-01,30.4831399273522,311090.0,32685198809.2947,72.647,79817777.0,59913618.0
Vietnam,2002-01-01,30.4459829335051,310550.0,35064105500.8344,72.801,80642308.0,60069649.0
Vietnam,2003-01-01,30.7575708710936,310070.0,39552513231.0669,72.98,81475825.0,60217153.0
Vietnam,2004-01-01,31.5915760957203,310070.0,45427854693.2554,73.135,82311227.0,60348122.0
Vietnam,2005-01-01,32.1384618827057,312837.0,57633255739.4104,73.271,83142095.0,60460100.0
Vietnam,2006-01-01,32.2191850892757,312795.0,66371664817.0436,73.319,83951800.0,60539322.0
Vietnam,2007-01-01,32.1943447296182,312558.0,77414425532.2452,73.436,84762269.0,60601632.0
Vietnam,2008-01-01,32.7399677741119,312792.0,99130304099.1274,73.411,85597241.0,60664477.0
Vietnam,2009-01-01,32.9068109297165,312762.0,106014659563.143,73.498,86482923.0,60743875.0
Vietnam,2010-01-01,34.3450560815081,313294.0,147201164066.172,73.513,87411012.0,60823204.0
Vietnam,2011-01-01,34.3732843043373,313284.0,172595034069.162,73.692,88349117.0,60890211.0
Vietnam,2012-01-01,34.4331120376958,313457.0,195590647205.685,73.704,89301326.0,60946369.0
Vietnam,2013-01-01,34.6726704451298,313007.33,213708830776.947,73.775,90267739.0,60994814.0
Vietnam,2014-01-01,34.6991265943562,313371.0,233451484773.974,73.855,91235504.0,61022867.0
Vietnam,2015-01-01,38.7634300520449,313383.0,239258340825.533,73.876,92191398.0,61022408.0
Vietnam,2016-01-01,38.8407942894887,313387.0,257096001174.075,73.938,93126529.0,60988564.0
Vietnam,2017-01-01,38.8279627189274,313403.0,281353626107.245,73.963,94033048.0,60921191.0
Vietnam,2018-01-01,38.7344502263671,313429.0,310106472642.968,73.976,94914330.0,60822052.0
Vietnam,2019-01-01,39.5241027473527,313429.0,334365257920.289,74.093,95776716.0,60695620.0
Vietnam,2020-01-01,39.4347683207361,313429.0,346615750166.553,75.378,96648685.0,60560066.0
Vietnam,2021-01-01,37.19205402991216,6189349.588897609,366137590717.804,73.618,97468029.0,60379495.0
Vietnam,2022-01-01,37.19205402991216,6189349.588897609,408802379068.229,64.98735853587779,98186856.0,60123739.0
